transaction_id,account_id,transaction_date,transaction_type,amount,currency,description,channel,reference_no,status
TXN0000000001,HSP0000000096,2025-07-06,Maaş,22848.48,TRY,Prim ödemesi,Mobil,836BE4006299,Başarılı
TXN0000000002,HSP0000000028,2025-05-26,ATM Çekim,1000,USD,Nakit çekim,ATM,035FEAC33212,Başarılı
TXN0000000003,HSP0000000082,2025-11-17,Fatura,941.91,TRY,Telefon faturası,Internet,997EABC8B7F1,Başarılı
TXN0000000004,HSP0000000065,2025-04-25,Havale,13875.34,TRY,Hediye gönderimi,Internet,5208E367DD82,Başarılı
TXN0000000005,HSP0000000075,2025-06-30,ATM Çekim,5000,GBP,Günlük nakit ihtiyacı,Internet,308ECCD3B83C,Beklemede
TXN0000000006,HSP0000000023,2026-02-02,Maaş,54400.45,EUR,Prim ödemesi,Mobil,FF1E9BFF90DC,Başarılı
TXN0000000007,HSP0000000065,2026-03-21,Kredi Taksit,11673.25,TRY,İhtiyaç kredisi taksit,Internet,1790BBA7D397,Başarılı
TXN0000000008,HSP0000000051,2025-06-08,Yatırım,14248.91,TRY,Altın alım,Telefon,62F4AA5488DD,Başarılı
TXN0000000009,HSP0000000090,2026-01-09,POS Harcama,5068.01,TRY,Restoran harcaması,Mobil,9A2A461102A7,Başarılı
TXN0000000010,HSP0000000027,2026-03-11,POS Harcama,1078.72,TRY,Elektronik alışveriş,Mobil,DDDB9FE55B83,Başarılı
TXN0000000011,HSP0000000084,2026-02-21,Yatırım,32576.95,USD,Hisse alım,Mobil,C2075B9AA4D8,Başarılı
TXN0000000012,HSP0000000098,2026-03-08,Virman,17782.08,TRY,Yatırım hesabına,Internet,C622D2AC3D78,Başarılı
TXN0000000013,HSP0000000055,2025-06-14,Fatura,153.48,TRY,Elektrik faturası,Internet,BA6DFDB34615,Başarılı
TXN0000000014,HSP0000000026,2026-03-16,EFT,6338.97,EUR,Tedarikçi ödemesi,ATM,4FF02741B927,Başarısız
TXN0000000015,HSP0000000089,2025-10-01,Fatura,1637.35,TRY,Elektrik faturası,Mobil,0B4BB409E0FE,Başarılı
TXN0000000016,HSP0000000079,2026-02-26,Fatura,1144.48,TRY,Doğalgaz faturası,Şube,1FE61E0A825A,Başarılı
TXN0000000017,HSP0000000066,2026-03-07,Fatura,141.61,TRY,İnternet faturası,ATM,13BD350DB866,Başarılı
TXN0000000018,HSP0000000050,2026-01-08,ATM Çekim,100,TRY,Nakit çekim,ATM,84359A9AC4A8,Başarılı
TXN0000000019,HSP0000000096,2025-11-13,EFT,20766.59,TRY,Vergi ödemesi,Şube,0F8CE1520441,Başarılı
TXN0000000020,HSP0000000097,2025-07-09,POS Harcama,2367.54,TRY,Restoran harcaması,Şube,743BE0FD4D32,Başarılı
TXN0000000021,HSP0000000088,2025-06-01,Havale,9492.24,TRY,Hediye gönderimi,POS,A816B3AE9EC7,Başarılı
TXN0000000022,HSP0000000036,2025-08-09,POS Harcama,65.05,TRY,Akaryakıt,Mobil,E6B6535C12BF,Başarılı
TXN0000000023,HSP0000000091,2026-01-31,Kredi Taksit,1711.98,TRY,Taşıt kredisi taksit,Mobil,01B43F596708,Beklemede
TXN0000000024,HSP0000000079,2026-01-07,Fatura,748.27,TRY,Su faturası,Mobil,9BD608348AEC,Başarılı
TXN0000000025,HSP0000000068,2025-12-15,EFT,4068.33,TRY,Fatura ödemesi,Mobil,C614EC4A0277,Başarılı
TXN0000000026,HSP0000000069,2026-03-06,ATM Çekim,500,TRY,Hızlı para çekme,Mobil,031E1BF3F664,Başarılı
TXN0000000027,HSP0000000047,2025-11-30,Virman,24916.11,TRY,Hesaplar arası transfer,POS,99BFAAEA08B7,Başarılı
TXN0000000028,HSP0000000015,2026-02-09,POS Harcama,7350.49,TRY,Restoran harcaması,Internet,75B0F1BC6783,Beklemede
TXN0000000029,HSP0000000006,2025-05-29,Maaş,40081.94,TRY,İkramiye,Mobil,A1289E497678,Beklemede
TXN0000000030,HSP0000000093,2025-10-09,Virman,12906.3,TRY,Tasarruf hesabına,POS,FC6D3B1F1A78,Başarılı
TXN0000000031,HSP0000000063,2025-12-20,Havale,2150.4,TRY,Kira ödemesi,POS,413D8E2FBC89,Başarılı
TXN0000000032,HSP0000000022,2026-02-15,Yatırım,7014.45,TRY,Fon alım,ATM,377199B00B00,Başarılı
TXN0000000033,HSP0000000088,2026-03-26,ATM Çekim,5000,TRY,Hızlı para çekme,Mobil,97F16E150DD5,Başarılı
TXN0000000034,HSP0000000083,2025-04-13,Fatura,945.49,TRY,Su faturası,Mobil,BB6942BA4B2E,Başarılı
TXN0000000035,HSP0000000005,2026-01-11,Havale,1854.01,TRY,Aidat transferi,Mobil,E3F52DA128EE,Başarılı
TXN0000000036,HSP0000000034,2025-09-09,ATM Çekim,100,TRY,Hızlı para çekme,Internet,1A4FD1D1C1D8,Başarılı
TXN0000000037,HSP0000000087,2025-05-03,Havale,18923.42,TRY,Alışveriş ödemesi,Mobil,1A64386A9A75,Başarılı
TXN0000000038,HSP0000000006,2025-05-25,Maaş,33839.38,TRY,İkramiye,Mobil,5F65773ABBEA,Beklemede
TXN0000000039,HSP0000000039,2025-10-13,POS Harcama,3173.0,TRY,Elektronik alışveriş,Mobil,29BCA5DD64BD,Beklemede
TXN0000000040,HSP0000000004,2025-10-18,ATM Çekim,2000,TRY,Hızlı para çekme,Internet,B0F698D5C17B,Başarılı
TXN0000000041,HSP0000000082,2026-02-26,Havale,9390.95,TRY,Kira ödemesi,Şube,66B4F9A13034,Beklemede
TXN0000000042,HSP0000000071,2026-01-19,Fatura,1213.48,TRY,Telefon faturası,Mobil,9AE18F94EA53,Başarılı
TXN0000000043,HSP0000000071,2025-09-24,Kredi Taksit,3964.32,TRY,Taşıt kredisi taksit,Mobil,EE78599BE83F,Başarılı
TXN0000000044,HSP0000000066,2025-08-08,Havale,4938.72,TRY,Aidat transferi,Mobil,57A55C8355A8,Başarılı
TXN0000000045,HSP0000000086,2026-01-07,Fatura,949.47,USD,Telefon faturası,ATM,8EFE108765F6,Başarılı
TXN0000000046,HSP0000000010,2026-01-23,Virman,12231.04,TRY,Yatırım hesabına,Mobil,9733EA70DF9E,Başarılı
TXN0000000047,HSP0000000046,2026-02-12,Havale,1838.24,TRY,Aidat transferi,Şube,AC75AEDB6A87,Başarılı
TXN0000000048,HSP0000000041,2026-03-22,ATM Çekim,2000,EUR,Nakit çekim,Mobil,C9336DF4FD4F,Başarılı
TXN0000000049,HSP0000000073,2025-06-26,POS Harcama,58.56,EUR,Restoran harcaması,ATM,1A2E7E9AD662,İptal
TXN0000000050,HSP0000000029,2025-10-02,Maaş,23729.88,TRY,İkramiye,Şube,DF39F85D8E6B,Başarılı
TXN0000000051,HSP0000000043,2025-09-04,Fatura,999.59,TRY,Elektrik faturası,Internet,4AE6D8DF6056,Başarılı
TXN0000000052,HSP0000000023,2025-06-11,POS Harcama,7132.55,EUR,Restoran harcaması,Mobil,150E8CE30C1A,Başarılı
TXN0000000053,HSP0000000034,2025-04-10,Maaş,70223.17,TRY,İkramiye,Şube,08D103F3A721,Başarılı
TXN0000000054,HSP0000000004,2025-07-18,Fatura,1817.29,TRY,Telefon faturası,Internet,41AAE727BA91,Başarılı
TXN0000000055,HSP0000000034,2025-06-16,POS Harcama,2939.23,TRY,Restoran harcaması,Telefon,A3373D2DE7DE,Başarılı
TXN0000000056,HSP0000000099,2025-12-13,POS Harcama,4093.09,TRY,Akaryakıt,ATM,F46055D89D9A,Başarılı
TXN0000000057,HSP0000000047,2026-02-09,POS Harcama,5479.61,TRY,Giyim harcaması,Şube,178D032F52D7,Başarılı
TXN0000000058,HSP0000000018,2026-03-04,ATM Çekim,200,TRY,Günlük nakit ihtiyacı,Mobil,AF1A21E51AFC,İptal
TXN0000000059,HSP0000000094,2025-12-06,ATM Çekim,200,EUR,Nakit çekim,Internet,F34982E4DBE9,Başarılı
TXN0000000060,HSP0000000034,2025-10-02,Virman,9763.52,TRY,Tasarruf hesabına,Mobil,C8B7EDC6372E,Başarılı
TXN0000000061,HSP0000000006,2025-12-23,Havale,15875.82,TRY,Borç ödeme,Şube,0E25A13BB930,Başarılı
TXN0000000062,HSP0000000095,2026-03-01,EFT,9525.11,TRY,Fatura ödemesi,Internet,F8F26F6D0BEF,Başarılı
TXN0000000063,HSP0000000084,2025-07-24,Kredi Taksit,8229.2,USD,İhtiyaç kredisi taksit,Mobil,16F74F932978,Başarılı
TXN0000000064,HSP0000000045,2025-12-13,ATM Çekim,200,TRY,Hızlı para çekme,Internet,9E8D37528220,Başarılı
TXN0000000065,HSP0000000022,2025-06-16,EFT,4753.95,TRY,Vergi ödemesi,Internet,78B64ED6F499,Başarılı
TXN0000000066,HSP0000000078,2025-09-17,Maaş,61816.62,TRY,Prim ödemesi,Mobil,1A728A160678,Başarılı
TXN0000000067,HSP0000000087,2025-10-28,ATM Çekim,100,TRY,Nakit çekim,Mobil,521B00EC4CC8,Başarılı
TXN0000000068,HSP0000000006,2025-12-19,Havale,1075.85,TRY,Alışveriş ödemesi,Internet,A1C22FB597CE,Başarılı
TXN0000000069,HSP0000000019,2025-10-25,Havale,15024.0,TRY,Alışveriş ödemesi,Mobil,3E3918E2CD67,Başarılı
TXN0000000070,HSP0000000082,2025-08-24,Havale,23686.62,TRY,Aidat transferi,Şube,676C83EAF855,Başarılı
TXN0000000071,HSP0000000058,2025-07-22,POS Harcama,6646.3,TRY,Giyim harcaması,Internet,A4107E353E56,Başarılı
TXN0000000072,HSP0000000019,2026-03-04,Fatura,1046.07,TRY,Doğalgaz faturası,ATM,601B49DF2FA9,Başarılı
TXN0000000073,HSP0000000093,2025-05-06,Maaş,29937.9,TRY,Prim ödemesi,POS,05183FBEC3A4,Başarılı
TXN0000000074,HSP0000000017,2025-12-15,Havale,17140.76,TRY,Aidat transferi,Mobil,FD2E9353D35D,Başarılı
TXN0000000075,HSP0000000078,2025-04-20,Havale,21956.04,TRY,Alışveriş ödemesi,Internet,DE5892F42AC4,Başarılı
TXN0000000076,HSP0000000065,2026-02-03,Maaş,50053.59,TRY,Aylık maaş,Mobil,216E68701276,Başarılı
TXN0000000077,HSP0000000100,2025-04-23,POS Harcama,5587.19,TRY,Akaryakıt,Internet,38D7C42B191C,Başarılı
TXN0000000078,HSP0000000030,2025-09-27,Kredi Taksit,9246.67,USD,Taşıt kredisi taksit,Internet,20988791A3F6,Başarılı
TXN0000000079,HSP0000000098,2025-08-09,Fatura,980.43,TRY,Doğalgaz faturası,Internet,0F298EC3E479,Başarılı
TXN0000000080,HSP0000000011,2025-07-06,Virman,236.19,TRY,Hesaplar arası transfer,POS,061B97A784E0,Başarılı
TXN0000000081,HSP0000000074,2025-07-15,POS Harcama,5508.38,TRY,Online alışveriş,Internet,3B228911EA0B,Başarılı
TXN0000000082,HSP0000000053,2025-08-08,Virman,6606.44,TRY,Tasarruf hesabına,Mobil,210EFAE07888,Başarılı
TXN0000000083,HSP0000000073,2025-07-14,Virman,10389.38,EUR,Tasarruf hesabına,Mobil,2B4ABFFBB370,Başarılı
TXN0000000084,HSP0000000023,2025-09-05,ATM Çekim,2000,EUR,Hızlı para çekme,Internet,A5B438C21CEB,Başarılı
TXN0000000085,HSP0000000100,2026-03-04,Maaş,22740.57,TRY,Aylık maaş,Şube,68E225D97A31,Başarılı
TXN0000000086,HSP0000000058,2025-12-17,Fatura,831.09,TRY,Su faturası,POS,9E8A51CF9504,Başarılı
TXN0000000087,HSP0000000071,2025-10-17,POS Harcama,7717.27,TRY,Market alışverişi,Şube,897369FB5980,Başarılı
TXN0000000088,HSP0000000012,2025-05-16,Fatura,174.96,TRY,Doğalgaz faturası,Internet,9A4D72406278,Başarılı
TXN0000000089,HSP0000000048,2025-10-23,Havale,15387.74,USD,Alışveriş ödemesi,Mobil,278C2DBB6DDF,Başarılı
TXN0000000090,HSP0000000037,2025-06-29,Maaş,56618.94,TRY,Prim ödemesi,Internet,3C4AA1F3D41F,İptal
TXN0000000091,HSP0000000002,2025-08-25,EFT,4949.19,TRY,Fatura ödemesi,Şube,9C6ED2E38F73,Başarılı
TXN0000000092,HSP0000000066,2025-04-19,POS Harcama,2890.73,TRY,Elektronik alışveriş,Mobil,B6622F385097,Başarılı
TXN0000000093,HSP0000000001,2025-10-22,Yatırım,35636.2,EUR,Döviz alım,Mobil,0E5BBFDD6BD1,Başarılı
TXN0000000094,HSP0000000052,2025-05-06,POS Harcama,7355.04,TRY,Giyim harcaması,Internet,161F84BF4F78,Başarılı
TXN0000000095,HSP0000000037,2025-09-25,Maaş,77613.7,TRY,Prim ödemesi,Internet,DE464D5042DD,Başarılı
TXN0000000096,HSP0000000029,2026-01-20,POS Harcama,57.12,TRY,Restoran harcaması,Mobil,6E1F2A42FEF3,Beklemede
TXN0000000097,HSP0000000053,2025-09-22,POS Harcama,7577.18,TRY,Giyim harcaması,Internet,38387217D084,Başarılı
TXN0000000098,HSP0000000033,2026-03-22,Fatura,913.4,TRY,İnternet faturası,ATM,7D6A44F571C8,Başarılı
TXN0000000099,HSP0000000073,2025-11-21,ATM Çekim,5000,EUR,Hızlı para çekme,Mobil,856953F1F809,Başarılı
TXN0000000100,HSP0000000076,2025-10-13,Fatura,1285.64,TRY,Doğalgaz faturası,Internet,D2A68073B942,Başarılı
TXN0000000101,HSP0000000087,2025-09-28,Maaş,48572.77,TRY,Aylık maaş,ATM,D37841339D3E,Başarılı
TXN0000000102,HSP0000000090,2026-03-11,Fatura,1510.14,TRY,Su faturası,Mobil,2E72EBB4D80E,Başarılı
TXN0000000103,HSP0000000010,2025-07-21,POS Harcama,7156.64,TRY,Online alışveriş,Mobil,863D9729A7AE,Başarılı
TXN0000000104,HSP0000000024,2025-12-12,Kredi Taksit,11319.57,TRY,Konut kredisi taksit,Şube,A2376591EFB5,Beklemede
TXN0000000105,HSP0000000095,2025-08-06,EFT,20924.73,TRY,Vergi ödemesi,Mobil,C1EF9447E160,Başarılı
TXN0000000106,HSP0000000020,2026-03-06,Maaş,47023.22,TRY,Aylık maaş,Mobil,93481C6A038D,Başarılı
TXN0000000107,HSP0000000098,2025-10-08,Fatura,1260.3,TRY,İnternet faturası,POS,A6A5C7D737AF,Başarılı
TXN0000000108,HSP0000000074,2025-12-18,Fatura,596.52,TRY,Doğalgaz faturası,Internet,FEEFA71289FD,Başarısız
TXN0000000109,HSP0000000097,2025-12-01,POS Harcama,7518.44,TRY,Market alışverişi,Mobil,33A071C3F2F9,Başarılı
TXN0000000110,HSP0000000065,2025-11-21,Virman,24415.03,TRY,Tasarruf hesabına,ATM,0A22B6EE94CB,Başarılı
TXN0000000111,HSP0000000041,2026-01-23,Maaş,21548.61,EUR,Prim ödemesi,Mobil,26D550F90004,Başarılı
TXN0000000112,HSP0000000079,2025-08-16,Fatura,969.12,TRY,Telefon faturası,Mobil,4787E6E98BA0,Başarılı
TXN0000000113,HSP0000000044,2026-03-25,Virman,18829.67,TRY,Yatırım hesabına,Internet,4DAE48656DA0,Başarılı
TXN0000000114,HSP0000000052,2026-01-20,Virman,17181.7,TRY,Hesaplar arası transfer,Mobil,8897858D54D4,Başarılı
TXN0000000115,HSP0000000093,2025-10-13,EFT,4981.97,TRY,Personel maaşı,Mobil,874232B192E3,Başarılı
TXN0000000116,HSP0000000061,2026-02-17,Fatura,1058.16,EUR,Su faturası,Mobil,A987C768AF4A,Başarılı
TXN0000000117,HSP0000000063,2025-10-21,Virman,2564.47,TRY,Vadeli hesaba aktarım,Internet,8610DDC0D694,Başarılı
TXN0000000118,HSP0000000008,2025-05-20,EFT,11301.38,TRY,Vergi ödemesi,Mobil,04506FFC5B66,Başarılı
TXN0000000119,HSP0000000034,2025-08-10,Virman,8669.09,TRY,Tasarruf hesabına,Internet,EAE921588A5F,Beklemede
TXN0000000120,HSP0000000016,2026-01-21,Virman,14439.77,TRY,Vadeli hesaba aktarım,Şube,A3D4FD71F49C,Başarılı
TXN0000000121,HSP0000000100,2025-11-15,Virman,22251.85,TRY,Tasarruf hesabına,Mobil,72A946BD7A32,Başarılı
TXN0000000122,HSP0000000079,2025-06-25,Virman,16050.46,TRY,Yatırım hesabına,Şube,CBAC7942A685,Başarılı
TXN0000000123,HSP0000000054,2025-05-07,POS Harcama,651.31,TRY,Online alışveriş,Internet,D0C539769B4A,Başarılı
TXN0000000124,HSP0000000030,2026-02-04,Virman,16151.64,USD,Yatırım hesabına,Şube,F08693BE76A9,Başarılı
TXN0000000125,HSP0000000057,2025-12-23,Fatura,1932.78,TRY,İnternet faturası,POS,F2F797BC0E36,Başarılı
TXN0000000126,HSP0000000022,2026-03-05,EFT,6366.01,TRY,Tedarikçi ödemesi,Mobil,9727004652BB,Başarılı
TXN0000000127,HSP0000000027,2025-11-29,EFT,13756.0,TRY,Tedarikçi ödemesi,Mobil,12863D406293,Başarılı
TXN0000000128,HSP0000000099,2025-08-13,ATM Çekim,2000,TRY,Nakit çekim,ATM,658649662766,Başarılı
TXN0000000129,HSP0000000011,2025-08-05,POS Harcama,5905.99,TRY,Akaryakıt,POS,97D16AC14144,Başarılı
TXN0000000130,HSP0000000081,2025-04-18,Havale,16622.37,TRY,Borç ödeme,Internet,FE5BD563D25E,Başarılı
TXN0000000131,HSP0000000061,2026-01-06,ATM Çekim,1000,EUR,Nakit çekim,POS,B6EE285DD2F3,Beklemede
TXN0000000132,HSP0000000090,2026-02-20,POS Harcama,7020.8,TRY,Akaryakıt,Internet,8596192312A7,Başarılı
TXN0000000133,HSP0000000068,2025-12-03,POS Harcama,4326.55,TRY,Market alışverişi,Internet,FF175777A461,Beklemede
TXN0000000134,HSP0000000057,2025-04-06,Virman,102.3,TRY,Vadeli hesaba aktarım,Internet,39AA74191ED7,Başarılı
TXN0000000135,HSP0000000045,2025-12-08,Virman,23679.24,TRY,Tasarruf hesabına,Internet,889D730E4F32,Başarılı
TXN0000000136,HSP0000000039,2025-07-28,Havale,19939.51,TRY,Alışveriş ödemesi,Internet,3F296255CB0A,Başarılı
TXN0000000137,HSP0000000048,2025-08-06,EFT,4165.41,USD,Kira transferi,POS,4FD515A0400A,Başarılı
TXN0000000138,HSP0000000049,2025-12-21,EFT,19137.0,TRY,Fatura ödemesi,Mobil,DF5B4CF94FFF,Başarılı
TXN0000000139,HSP0000000089,2025-08-16,Maaş,41838.75,TRY,Aylık maaş,Mobil,3318EFD4A9C5,Başarılı
TXN0000000140,HSP0000000024,2025-11-18,Havale,6876.14,TRY,Alışveriş ödemesi,Mobil,4522BBE0EC74,Başarılı
TXN0000000141,HSP0000000063,2025-12-30,EFT,651.06,TRY,Tedarikçi ödemesi,Mobil,17200865F02E,Başarılı
TXN0000000142,HSP0000000037,2025-07-29,EFT,2345.9,TRY,Tedarikçi ödemesi,Şube,5D310132EC80,Başarılı
TXN0000000143,HSP0000000064,2025-12-12,EFT,24949.29,EUR,Kira transferi,Internet,B9504DEF696B,Başarılı
TXN0000000144,HSP0000000090,2025-06-14,Fatura,159.27,TRY,İnternet faturası,Mobil,7ABD3632BEF1,Başarılı
TXN0000000145,HSP0000000010,2025-08-07,POS Harcama,6541.66,TRY,Market alışverişi,Mobil,4B95CC045FAF,Başarılı
TXN0000000146,HSP0000000016,2025-11-13,Yatırım,25092.64,TRY,Hisse alım,Şube,FB5B0D32F973,Başarılı
TXN0000000147,HSP0000000026,2025-07-16,ATM Çekim,1000,EUR,Hızlı para çekme,ATM,A520EDBA95D6,Başarılı
TXN0000000148,HSP0000000088,2025-04-22,Yatırım,74600.1,TRY,Hisse alım,POS,CC79B958C4BB,Başarılı
TXN0000000149,HSP0000000033,2025-04-27,ATM Çekim,5000,TRY,Nakit çekim,Mobil,6B9983A1C9F6,Başarılı
TXN0000000150,HSP0000000015,2025-08-20,EFT,14658.95,TRY,Kira transferi,Internet,91536BC3D2B6,Başarılı
TXN0000000151,HSP0000000032,2025-11-30,Havale,17241.32,TRY,Aidat transferi,Mobil,0AF03DD4FDE3,Başarılı
TXN0000000152,HSP0000000048,2026-03-18,Maaş,55211.92,USD,İkramiye,Mobil,682310100D38,Başarılı
TXN0000000153,HSP0000000008,2025-05-25,Havale,3233.1,TRY,Aidat transferi,Şube,CD7C35C38BCD,Başarılı
TXN0000000154,HSP0000000041,2025-11-11,Yatırım,73452.29,EUR,Hisse alım,ATM,1C6A8E4A7C94,Başarılı
TXN0000000155,HSP0000000089,2025-04-21,ATM Çekim,1000,TRY,Günlük nakit ihtiyacı,Şube,770E1403E624,Başarılı
TXN0000000156,HSP0000000057,2026-01-16,POS Harcama,1509.28,TRY,Online alışveriş,Internet,92B57176768E,Başarılı
TXN0000000157,HSP0000000042,2026-01-09,Maaş,25422.32,TRY,İkramiye,Mobil,C40B60FE6FE1,Başarılı
TXN0000000158,HSP0000000020,2025-11-19,ATM Çekim,100,TRY,Günlük nakit ihtiyacı,ATM,CE961B08EFAE,Başarılı
TXN0000000159,HSP0000000065,2025-10-04,ATM Çekim,2000,TRY,Nakit çekim,Mobil,233C53863C4B,Başarılı
TXN0000000160,HSP0000000042,2025-10-16,Maaş,27341.51,TRY,İkramiye,Şube,EC3BBF3E866D,Başarılı
TXN0000000161,HSP0000000064,2025-10-27,Maaş,56658.76,EUR,Aylık maaş,Mobil,1A299AD1A571,Başarılı
TXN0000000162,HSP0000000013,2025-06-06,POS Harcama,1445.54,TRY,Market alışverişi,Mobil,A9D22E4341E1,Başarılı
TXN0000000163,HSP0000000026,2026-02-23,Havale,20923.86,EUR,Hediye gönderimi,Mobil,D9AFA84035D8,Başarılı
TXN0000000164,HSP0000000068,2025-07-23,POS Harcama,4855.51,TRY,Market alışverişi,Internet,0BE4439A8672,Başarılı
TXN0000000165,HSP0000000002,2025-05-11,Kredi Taksit,7552.83,TRY,Taşıt kredisi taksit,Mobil,68944C1DBC38,Başarılı
TXN0000000166,HSP0000000008,2025-10-06,Virman,19876.81,TRY,Hesaplar arası transfer,Şube,D502D25469A9,Başarılı
TXN0000000167,HSP0000000079,2025-09-03,EFT,2040.59,TRY,Personel maaşı,Mobil,CB9D008AB5AD,Başarılı
TXN0000000168,HSP0000000067,2025-07-07,Havale,4908.67,TRY,Aidat transferi,Şube,892BA8AE06F5,Başarılı
TXN0000000169,HSP0000000073,2025-10-30,POS Harcama,5973.94,EUR,Elektronik alışveriş,Mobil,33267CA79EDA,Başarılı
TXN0000000170,HSP0000000074,2025-05-24,Virman,4253.55,TRY,Vadeli hesaba aktarım,Internet,EEE3D807E3E9,Başarılı
TXN0000000171,HSP0000000071,2026-02-02,ATM Çekim,1000,TRY,Hızlı para çekme,Mobil,1F96AE1715B9,Başarılı
TXN0000000172,HSP0000000041,2025-10-29,POS Harcama,6118.19,EUR,Akaryakıt,Telefon,ACAA88108F12,Başarılı
TXN0000000173,HSP0000000093,2025-10-10,Virman,19166.13,TRY,Yatırım hesabına,Mobil,79E11B5D2E89,Başarılı
TXN0000000174,HSP0000000047,2025-04-18,Yatırım,98304.17,TRY,Hisse alım,Internet,DE28E422F269,Başarılı
TXN0000000175,HSP0000000067,2025-07-23,Havale,5449.09,TRY,Borç ödeme,POS,8EBD8953FB14,Başarılı
TXN0000000176,HSP0000000003,2026-01-09,Maaş,48232.65,USD,İkramiye,POS,CCE61926D5B2,Başarılı
TXN0000000177,HSP0000000074,2025-06-10,EFT,6698.21,TRY,Fatura ödemesi,Mobil,C63D72FAECB6,Başarılı
TXN0000000178,HSP0000000032,2025-10-22,EFT,14269.72,TRY,Personel maaşı,ATM,028C30B2CB55,Başarılı
TXN0000000179,HSP0000000094,2025-12-06,Havale,20660.06,EUR,Alışveriş ödemesi,Mobil,095A3FC5E3F4,Başarılı
TXN0000000180,HSP0000000013,2026-01-21,POS Harcama,3064.74,TRY,Market alışverişi,Mobil,B5B776303F17,Başarılı
TXN0000000181,HSP0000000099,2025-06-01,Virman,21757.68,TRY,Vadeli hesaba aktarım,POS,D0ADFA2DBE14,Başarılı
TXN0000000182,HSP0000000096,2026-02-18,POS Harcama,3072.25,TRY,Online alışveriş,Şube,8F08F7C120F1,Başarılı
TXN0000000183,HSP0000000068,2025-12-14,Havale,17474.44,TRY,Aidat transferi,Internet,B507C127F43F,Başarılı
TXN0000000184,HSP0000000007,2026-01-30,POS Harcama,4610.53,USD,Market alışverişi,Telefon,AC14C0E3C0D8,Başarısız
TXN0000000185,HSP0000000029,2025-09-20,ATM Çekim,100,TRY,Hızlı para çekme,ATM,B5A623EA9F30,Başarılı
TXN0000000186,HSP0000000074,2025-10-22,Maaş,47618.5,TRY,İkramiye,Internet,5A90C24CC2A2,Başarılı
TXN0000000187,HSP0000000017,2025-10-20,Maaş,57396.15,TRY,Aylık maaş,Internet,558189237EFA,Başarılı
TXN0000000188,HSP0000000072,2025-05-07,POS Harcama,2144.73,TRY,Akaryakıt,Şube,F331EFFD188F,Başarılı
TXN0000000189,HSP0000000042,2025-10-29,Maaş,42530.14,TRY,Prim ödemesi,Internet,A05618BC9202,Başarılı
TXN0000000190,HSP0000000025,2025-09-04,Virman,4314.46,TRY,Yatırım hesabına,Internet,83046ACA9858,Başarılı
TXN0000000191,HSP0000000079,2025-11-12,Fatura,137.51,TRY,Doğalgaz faturası,ATM,01F1E0F3FDFD,Başarılı
TXN0000000192,HSP0000000026,2025-05-14,Maaş,22304.16,EUR,Aylık maaş,Mobil,34C7EE26E552,Başarılı
TXN0000000193,HSP0000000032,2025-08-26,Kredi Taksit,1192.27,TRY,Taşıt kredisi taksit,POS,052077A6CDF6,Başarılı
TXN0000000194,HSP0000000015,2026-01-01,Virman,5375.7,TRY,Yatırım hesabına,Internet,C49E06AE4624,Başarılı
TXN0000000195,HSP0000000071,2026-03-24,ATM Çekim,5000,TRY,Nakit çekim,Şube,556249B1A73E,Başarılı
TXN0000000196,HSP0000000049,2025-06-27,POS Harcama,499.68,TRY,Restoran harcaması,Şube,29A3DC81C5F7,Başarılı
TXN0000000197,HSP0000000090,2025-04-05,POS Harcama,551.45,TRY,Elektronik alışveriş,Mobil,18A7050F36D3,Başarılı
TXN0000000198,HSP0000000035,2025-05-26,POS Harcama,172.25,TRY,Elektronik alışveriş,POS,26E9D6591FC2,Başarılı
TXN0000000199,HSP0000000050,2025-05-21,EFT,22606.41,TRY,Kira transferi,Internet,D5C5F10C38E4,Başarısız
TXN0000000200,HSP0000000077,2025-11-21,POS Harcama,4494.29,TRY,Elektronik alışveriş,Mobil,78217F4061D4,Başarılı
TXN0000000201,HSP0000000003,2025-12-07,Havale,9895.66,USD,Aidat transferi,POS,FAD8DF030456,Başarılı
TXN0000000202,HSP0000000003,2025-07-30,Virman,24900.26,USD,Yatırım hesabına,Internet,ACC6B3C1634F,Başarılı
TXN0000000203,HSP0000000008,2025-04-16,POS Harcama,7554.21,TRY,Online alışveriş,POS,9227C2A39944,Başarılı
TXN0000000204,HSP0000000029,2025-05-15,EFT,18274.25,TRY,Fatura ödemesi,POS,668A40BD3A31,Başarılı
TXN0000000205,HSP0000000087,2025-08-02,POS Harcama,4591.73,TRY,Akaryakıt,Şube,D7C8EC14F1B0,Başarılı
TXN0000000206,HSP0000000040,2025-07-15,Kredi Taksit,10134.62,TRY,Taşıt kredisi taksit,Mobil,B7E47E7CEB39,Başarılı
TXN0000000207,HSP0000000070,2026-03-19,Maaş,60833.87,TRY,İkramiye,Mobil,2A1BC3A229FB,Başarılı
TXN0000000208,HSP0000000018,2026-03-02,ATM Çekim,2000,TRY,Nakit çekim,POS,F08430B7F961,Başarılı
TXN0000000209,HSP0000000041,2025-07-04,Havale,8008.18,EUR,Aidat transferi,Internet,552C824BA264,Başarılı
TXN0000000210,HSP0000000094,2025-10-28,Havale,7653.37,EUR,Borç ödeme,Mobil,2CCD074D6463,Başarısız
TXN0000000211,HSP0000000020,2026-02-08,Maaş,55101.52,TRY,İkramiye,Mobil,E51FA5717D2B,Başarılı
TXN0000000212,HSP0000000073,2025-04-14,POS Harcama,2886.91,EUR,Elektronik alışveriş,Internet,E9675B4FB18E,Başarılı
TXN0000000213,HSP0000000100,2026-03-21,ATM Çekim,500,TRY,Nakit çekim,Internet,0E12ACF2783D,Başarılı
TXN0000000214,HSP0000000050,2025-04-17,ATM Çekim,1000,TRY,Nakit çekim,Mobil,532CB4BD2C11,Başarılı
TXN0000000215,HSP0000000035,2025-07-13,Yatırım,75898.77,TRY,Hisse alım,Mobil,5694172A5285,Başarılı
TXN0000000216,HSP0000000023,2025-12-07,Kredi Taksit,10630.08,EUR,İhtiyaç kredisi taksit,Telefon,9F20242AD410,Başarılı
TXN0000000217,HSP0000000032,2025-10-12,ATM Çekim,5000,TRY,Hızlı para çekme,ATM,4F3B83147B10,Başarılı
TXN0000000218,HSP0000000051,2025-12-25,POS Harcama,5138.32,TRY,Elektronik alışveriş,Şube,81A707DA9525,Başarılı
TXN0000000219,HSP0000000005,2025-04-22,POS Harcama,7024.68,TRY,Restoran harcaması,Internet,5A934BB33FB8,Başarılı
TXN0000000220,HSP0000000067,2025-10-16,POS Harcama,4138.69,TRY,Elektronik alışveriş,Telefon,DE94C2641F9A,Başarılı
TXN0000000221,HSP0000000007,2025-08-25,EFT,11587.54,USD,Kira transferi,Internet,C48314AE8BA6,Başarılı
TXN0000000222,HSP0000000038,2025-06-12,POS Harcama,3719.36,TRY,Elektronik alışveriş,Mobil,25AFDCA2ECB7,Başarılı
TXN0000000223,HSP0000000058,2026-01-25,Havale,23452.28,TRY,Alışveriş ödemesi,Internet,F7EAD85B3081,Başarılı
TXN0000000224,HSP0000000018,2025-11-19,ATM Çekim,2000,TRY,Günlük nakit ihtiyacı,Mobil,58B2249239F3,Başarılı
TXN0000000225,HSP0000000026,2026-02-27,Kredi Taksit,13700.27,EUR,Konut kredisi taksit,Mobil,B151C5B3EC52,Başarılı
TXN0000000226,HSP0000000092,2026-02-19,Maaş,38591.32,TRY,İkramiye,Mobil,7C3147975C94,Başarılı
TXN0000000227,HSP0000000091,2025-06-21,ATM Çekim,1000,TRY,Günlük nakit ihtiyacı,ATM,17EC58B66200,Başarılı
TXN0000000228,HSP0000000049,2026-03-04,Havale,21580.54,TRY,Aidat transferi,Mobil,59C53210AA43,Başarılı
TXN0000000229,HSP0000000019,2025-09-06,EFT,18281.03,TRY,Kira transferi,Şube,FE0A235A24C6,Başarılı
TXN0000000230,HSP0000000037,2025-07-13,POS Harcama,48.19,TRY,Online alışveriş,Mobil,E64E28142FE2,Başarılı
TXN0000000231,HSP0000000002,2025-04-03,ATM Çekim,2000,TRY,Hızlı para çekme,ATM,BF402A6F4DB0,Başarılı
TXN0000000232,HSP0000000031,2025-11-13,EFT,2077.18,TRY,Fatura ödemesi,Şube,D793D0760090,Başarılı
TXN0000000233,HSP0000000001,2026-01-11,EFT,20521.02,EUR,Personel maaşı,Internet,6CF0D8DF50E2,Başarılı
TXN0000000234,HSP0000000007,2025-06-14,EFT,21360.35,USD,Fatura ödemesi,Mobil,AE1E9E366DEA,Başarılı
TXN0000000235,HSP0000000078,2025-10-31,Virman,24844.01,TRY,Vadeli hesaba aktarım,POS,5721B133B3FC,Başarılı
TXN0000000236,HSP0000000087,2026-01-19,Virman,19703.96,TRY,Vadeli hesaba aktarım,Şube,B38BA6FAD2E2,Başarılı
TXN0000000237,HSP0000000059,2025-09-01,Maaş,35983.42,TRY,Prim ödemesi,Internet,398BD05159A6,Başarılı
TXN0000000238,HSP0000000009,2025-11-28,Maaş,23745.48,TRY,İkramiye,ATM,F9FBF1FCEAB8,Başarılı
TXN0000000239,HSP0000000036,2025-07-17,Virman,15340.14,TRY,Hesaplar arası transfer,Internet,1E41B2E4AEED,Başarılı
TXN0000000240,HSP0000000074,2025-12-04,Maaş,62064.82,TRY,İkramiye,Şube,731D13938F5A,Başarısız
TXN0000000241,HSP0000000091,2025-12-26,Virman,14421.05,TRY,Yatırım hesabına,Şube,C410BD9C042D,Başarılı
TXN0000000242,HSP0000000017,2025-12-11,POS Harcama,3950.19,TRY,Restoran harcaması,Internet,26437DB53FAC,Başarılı
TXN0000000243,HSP0000000079,2025-05-31,EFT,697.27,TRY,Tedarikçi ödemesi,Mobil,5B0BF95F9484,Başarılı
TXN0000000244,HSP0000000095,2025-10-29,Fatura,138.71,TRY,Su faturası,ATM,ED60DE8B902E,Başarısız
TXN0000000245,HSP0000000072,2026-03-20,Fatura,599.17,TRY,Elektrik faturası,Mobil,E064942B5FBE,Başarılı
TXN0000000246,HSP0000000040,2025-05-29,Virman,17177.31,TRY,Yatırım hesabına,Internet,CD98292C07C2,Başarılı
TXN0000000247,HSP0000000051,2025-06-29,Maaş,27611.01,TRY,Prim ödemesi,Şube,F7714DDA34C6,Başarılı
TXN0000000248,HSP0000000087,2025-06-09,ATM Çekim,1000,TRY,Nakit çekim,Internet,CB48901BBAED,Başarılı
TXN0000000249,HSP0000000081,2025-11-23,ATM Çekim,1000,TRY,Günlük nakit ihtiyacı,ATM,01FE3B2849BD,Başarılı
TXN0000000250,HSP0000000008,2025-09-09,Fatura,1132.6,TRY,Elektrik faturası,Mobil,C9BC883BBC7D,Başarılı
TXN0000000251,HSP0000000027,2025-09-29,POS Harcama,548.38,TRY,Restoran harcaması,Mobil,0ED88DD97C5F,Beklemede
TXN0000000252,HSP0000000036,2025-12-30,Fatura,1692.69,TRY,Telefon faturası,Mobil,D63595BF4122,Başarılı
TXN0000000253,HSP0000000078,2025-09-05,ATM Çekim,5000,TRY,Hızlı para çekme,Internet,0A035E5B3123,Başarılı
TXN0000000254,HSP0000000091,2025-07-31,Havale,9352.43,TRY,Borç ödeme,Internet,B1C07EE3C932,Başarılı
TXN0000000255,HSP0000000028,2025-04-20,POS Harcama,6226.77,USD,Market alışverişi,Mobil,004F094D7395,Başarılı
TXN0000000256,HSP0000000057,2025-06-18,POS Harcama,1537.89,TRY,Akaryakıt,ATM,64F4B834F869,Beklemede
TXN0000000257,HSP0000000094,2025-05-21,Fatura,1653.17,EUR,Telefon faturası,Mobil,9B2F7C00BA4E,Başarılı
TXN0000000258,HSP0000000087,2025-10-16,Yatırım,71510.9,TRY,Hisse alım,Mobil,DA41C11CDC60,Başarılı
TXN0000000259,HSP0000000001,2025-05-15,Virman,8398.91,EUR,Hesaplar arası transfer,Mobil,623499526095,Başarılı
TXN0000000260,HSP0000000014,2026-01-21,POS Harcama,6072.78,TRY,Elektronik alışveriş,Şube,7018158DC3E6,Başarılı
TXN0000000261,HSP0000000027,2025-09-11,Virman,19342.4,TRY,Hesaplar arası transfer,Mobil,448A6CEED134,Başarılı
TXN0000000262,HSP0000000035,2026-02-13,Havale,14034.68,TRY,Kira ödemesi,Mobil,7742D1F09F82,Başarılı
TXN0000000263,HSP0000000027,2026-03-27,POS Harcama,6435.94,TRY,Giyim harcaması,Internet,8E5F58D8E548,Başarılı
TXN0000000264,HSP0000000032,2026-01-02,EFT,11146.83,TRY,Personel maaşı,Mobil,00FEEB7AB3D8,Başarılı
TXN0000000265,HSP0000000004,2025-04-28,ATM Çekim,100,TRY,Hızlı para çekme,Şube,7970E0C7498C,Başarılı
TXN0000000266,HSP0000000051,2026-03-20,EFT,17514.2,TRY,Fatura ödemesi,Internet,273239DA4F5B,Başarılı
TXN0000000267,HSP0000000046,2026-03-10,Virman,20251.57,TRY,Hesaplar arası transfer,ATM,575A06B445C4,Başarılı
TXN0000000268,HSP0000000097,2026-03-24,Maaş,45437.93,TRY,Prim ödemesi,Internet,9D6864A3B68C,Başarılı
TXN0000000269,HSP0000000040,2025-07-28,Maaş,76584.14,TRY,Aylık maaş,Şube,C56268138B7C,Başarılı
TXN0000000270,HSP0000000079,2026-03-07,EFT,8325.17,TRY,Vergi ödemesi,Internet,248DF2757255,Başarılı
TXN0000000271,HSP0000000059,2025-12-02,ATM Çekim,1000,TRY,Nakit çekim,Mobil,10222AD02F26,Başarılı
TXN0000000272,HSP0000000037,2025-05-23,Maaş,41369.59,TRY,İkramiye,Şube,E3C5A63B1D65,Başarılı
TXN0000000273,HSP0000000014,2025-12-29,Virman,11578.27,TRY,Tasarruf hesabına,Şube,31CE2367B5B3,Başarılı
TXN0000000274,HSP0000000031,2025-10-14,POS Harcama,547.16,TRY,Restoran harcaması,Internet,468274DBAF92,Başarısız
TXN0000000275,HSP0000000089,2025-09-23,POS Harcama,4365.32,TRY,Restoran harcaması,ATM,DC4C19C3751F,Başarılı
TXN0000000276,HSP0000000023,2026-01-19,POS Harcama,6697.25,EUR,Market alışverişi,Mobil,69142755552F,Beklemede
TXN0000000277,HSP0000000076,2025-11-14,POS Harcama,1425.87,TRY,Akaryakıt,Mobil,E59EFAB3080F,Başarılı
TXN0000000278,HSP0000000009,2025-10-12,POS Harcama,2632.72,TRY,Elektronik alışveriş,Şube,353514B407AD,Başarılı
TXN0000000279,HSP0000000085,2026-01-23,Havale,22591.07,USD,Kira ödemesi,Mobil,7AFAB7FF7C56,Başarılı
TXN0000000280,HSP0000000097,2025-10-17,Havale,15427.75,TRY,Hediye gönderimi,Mobil,609391F780E0,Başarılı
TXN0000000281,HSP0000000026,2026-03-14,EFT,7683.3,EUR,Kira transferi,POS,F265520462F1,Başarılı
TXN0000000282,HSP0000000092,2025-04-05,Yatırım,61343.33,TRY,Döviz alım,Mobil,C2058349622C,Başarılı
TXN0000000283,HSP0000000017,2025-04-28,Fatura,51.64,TRY,Telefon faturası,Mobil,89CBD012F9CD,Beklemede
TXN0000000284,HSP0000000046,2025-11-08,Havale,17585.32,TRY,Hediye gönderimi,Mobil,C34B1F95B4D2,Başarılı
TXN0000000285,HSP0000000081,2026-01-05,Virman,5359.28,TRY,Vadeli hesaba aktarım,Internet,8AE3603C870B,Başarılı
TXN0000000286,HSP0000000061,2025-10-02,Havale,21015.07,EUR,Aidat transferi,Internet,17D322093562,Başarılı
TXN0000000287,HSP0000000037,2025-05-07,Yatırım,65014.73,TRY,Fon alım,Şube,909ABA802440,Başarılı
TXN0000000288,HSP0000000093,2025-06-09,Kredi Taksit,2185.29,TRY,Taşıt kredisi taksit,Şube,A6A846588B63,Başarısız
TXN0000000289,HSP0000000054,2025-11-04,Fatura,1265.33,TRY,İnternet faturası,POS,46B6407B5405,Başarılı
TXN0000000290,HSP0000000066,2025-07-25,ATM Çekim,200,TRY,Hızlı para çekme,ATM,10EF9B79CEF6,Başarılı
TXN0000000291,HSP0000000078,2026-03-17,Havale,6804.34,TRY,Alışveriş ödemesi,Internet,7BF04D3F5AAA,Başarılı
TXN0000000292,HSP0000000074,2026-03-27,Virman,9277.61,TRY,Tasarruf hesabına,Telefon,B81BBDD2E053,Başarılı
TXN0000000293,HSP0000000089,2025-08-22,Havale,11676.91,TRY,Kira ödemesi,Şube,A3CAD736D07F,Başarılı
TXN0000000294,HSP0000000067,2026-03-06,Kredi Taksit,14445.75,TRY,Konut kredisi taksit,Mobil,C944540743A8,Başarılı
TXN0000000295,HSP0000000088,2025-04-28,POS Harcama,7230.61,TRY,Giyim harcaması,ATM,DB76C4FFD98E,Başarılı
TXN0000000296,HSP0000000100,2026-01-19,Havale,18371.98,TRY,Hediye gönderimi,Internet,7B1BFDBF9277,Beklemede
TXN0000000297,HSP0000000046,2025-04-19,Yatırım,69657.59,TRY,Altın alım,ATM,12524521DA90,Başarılı
TXN0000000298,HSP0000000094,2026-01-22,Fatura,379.7,EUR,Elektrik faturası,Mobil,D50727FA5930,Başarılı
TXN0000000299,HSP0000000085,2025-08-25,Yatırım,48733.64,USD,Fon alım,ATM,20C90AD32481,Başarılı
TXN0000000300,HSP0000000065,2026-02-10,Havale,7096.2,TRY,Borç ödeme,ATM,E78D972BBB8A,Başarılı
TXN0000000301,HSP0000000002,2025-06-17,Maaş,57845.12,TRY,Prim ödemesi,Şube,1DD7D62B6C8A,Beklemede
TXN0000000302,HSP0000000023,2025-12-27,EFT,21564.16,EUR,Vergi ödemesi,Şube,9B2847F30A64,Başarılı
TXN0000000303,HSP0000000011,2025-12-10,Yatırım,75399.75,TRY,Döviz alım,Internet,63789E31E859,Başarılı
TXN0000000304,HSP0000000099,2025-06-25,ATM Çekim,200,TRY,Günlük nakit ihtiyacı,Şube,52FBDC64793E,Başarılı
TXN0000000305,HSP0000000094,2025-05-30,Fatura,152.42,EUR,İnternet faturası,Mobil,B6F2418B3F44,Başarılı
TXN0000000306,HSP0000000052,2025-12-29,ATM Çekim,200,TRY,Hızlı para çekme,Internet,0CAFFCF21052,İptal
TXN0000000307,HSP0000000088,2025-11-09,Maaş,15771.1,TRY,Prim ödemesi,Internet,8D603AB3BA09,Başarılı
TXN0000000308,HSP0000000049,2025-04-22,POS Harcama,796.97,TRY,Giyim harcaması,POS,91B0E31DCEAA,Başarılı
TXN0000000309,HSP0000000082,2026-02-28,Virman,21473.06,TRY,Yatırım hesabına,ATM,8823670F4100,Başarılı
TXN0000000310,HSP0000000035,2025-10-18,EFT,11581.6,TRY,Personel maaşı,Mobil,CD86759436FB,Başarılı
TXN0000000311,HSP0000000094,2026-03-13,POS Harcama,5528.42,EUR,Restoran harcaması,ATM,D7DE28FE1B22,Başarılı
TXN0000000312,HSP0000000041,2025-04-07,POS Harcama,3301.77,EUR,Giyim harcaması,Şube,BD86C900C33E,Başarılı
TXN0000000313,HSP0000000014,2025-08-07,Maaş,27550.17,TRY,Aylık maaş,Internet,81531EA07256,Başarılı
TXN0000000314,HSP0000000080,2025-07-21,Havale,23767.18,TRY,Kira ödemesi,POS,76F4148DA34C,Başarılı
TXN0000000315,HSP0000000091,2025-10-10,Yatırım,65811.27,TRY,Fon alım,Mobil,6F3CF9624610,Başarılı
TXN0000000316,HSP0000000015,2025-05-09,Maaş,56520.73,TRY,Prim ödemesi,Mobil,1C03AF87910C,Başarılı
TXN0000000317,HSP0000000099,2025-09-13,ATM Çekim,500,TRY,Nakit çekim,POS,C3D51B4F45E8,Başarılı
TXN0000000318,HSP0000000100,2025-09-18,Havale,24899.37,TRY,Borç ödeme,ATM,8039A4994C59,Başarılı
TXN0000000319,HSP0000000034,2025-07-12,EFT,15296.52,TRY,Personel maaşı,Mobil,C36FA4698736,Başarısız
TXN0000000320,HSP0000000083,2025-07-21,ATM Çekim,2000,TRY,Günlük nakit ihtiyacı,Mobil,0C55F3060122,Başarılı
TXN0000000321,HSP0000000014,2025-05-08,Kredi Taksit,1985.77,TRY,Taşıt kredisi taksit,Şube,E4A54C9E3A07,Başarılı
TXN0000000322,HSP0000000033,2026-03-01,Maaş,56621.79,TRY,Aylık maaş,Mobil,45F6FC5D41C4,Başarılı
TXN0000000323,HSP0000000086,2025-10-18,ATM Çekim,2000,USD,Nakit çekim,Mobil,58405D56B33E,Başarılı
TXN0000000324,HSP0000000066,2025-10-24,Maaş,69863.19,TRY,Aylık maaş,ATM,391461B87456,Başarılı
TXN0000000325,HSP0000000070,2025-12-03,EFT,3117.97,TRY,Fatura ödemesi,Internet,97AF41145260,Başarılı
TXN0000000326,HSP0000000046,2026-02-26,Virman,2357.61,TRY,Yatırım hesabına,Mobil,FB4548FD6AF8,Başarılı
TXN0000000327,HSP0000000011,2025-07-13,Fatura,394.41,TRY,Elektrik faturası,ATM,29AD5144C7FD,Başarılı
TXN0000000328,HSP0000000050,2025-05-25,POS Harcama,5052.32,TRY,Online alışveriş,Mobil,290C4E2897E1,Başarılı
TXN0000000329,HSP0000000063,2025-06-11,Havale,988.89,TRY,Kira ödemesi,Şube,22006B826977,Başarılı
TXN0000000330,HSP0000000093,2026-01-02,Yatırım,64519.06,TRY,Döviz alım,Mobil,80C1F865CFC3,Başarılı
TXN0000000331,HSP0000000069,2025-04-09,Yatırım,4185.75,TRY,Hisse alım,ATM,7AB6FE970E3C,İptal
TXN0000000332,HSP0000000044,2026-03-01,Fatura,1351.27,TRY,İnternet faturası,Mobil,F43999F53BAC,Başarılı
TXN0000000333,HSP0000000087,2025-07-29,Fatura,1853.39,TRY,Elektrik faturası,Internet,D9DC6ADB730A,Başarılı
TXN0000000334,HSP0000000095,2026-02-11,Havale,1240.46,TRY,Aidat transferi,Şube,93C9915D49EE,Başarılı
TXN0000000335,HSP0000000002,2025-05-20,EFT,11459.0,TRY,Personel maaşı,Mobil,095D3AC1D346,Başarılı
TXN0000000336,HSP0000000076,2026-01-30,Havale,19999.46,TRY,Aidat transferi,ATM,C1B54C814D8A,Başarılı
TXN0000000337,HSP0000000009,2026-03-14,Fatura,833.92,TRY,Elektrik faturası,Internet,96526167CCBF,Başarılı
TXN0000000338,HSP0000000088,2025-07-19,POS Harcama,6118.54,TRY,Giyim harcaması,Mobil,66814872EC84,Başarılı
TXN0000000339,HSP0000000023,2025-10-30,Virman,4284.47,EUR,Yatırım hesabına,Mobil,0D98C282E82E,Başarılı
TXN0000000340,HSP0000000071,2025-06-08,EFT,2589.2,TRY,Fatura ödemesi,Mobil,12A0CF34F74F,Başarılı
TXN0000000341,HSP0000000049,2025-04-04,Maaş,15469.56,TRY,Aylık maaş,Mobil,4AA29C909AB1,Başarılı
TXN0000000342,HSP0000000091,2025-11-30,POS Harcama,5545.02,TRY,Restoran harcaması,POS,D9B7CA7E7D4C,Başarılı
TXN0000000343,HSP0000000019,2025-06-29,POS Harcama,4892.09,TRY,Market alışverişi,Internet,D95E1204ED98,Başarılı
TXN0000000344,HSP0000000077,2026-02-16,EFT,20679.44,TRY,Vergi ödemesi,Internet,872E50B92828,İptal
TXN0000000345,HSP0000000045,2025-12-28,ATM Çekim,100,TRY,Günlük nakit ihtiyacı,Internet,93FBEF0835F4,Başarılı
TXN0000000346,HSP0000000047,2025-11-24,Fatura,1552.15,TRY,Doğalgaz faturası,Telefon,2F993087052D,Başarılı
TXN0000000347,HSP0000000036,2025-11-29,Havale,12488.12,TRY,Aidat transferi,Mobil,E0EE385B2BEA,Başarılı
TXN0000000348,HSP0000000086,2025-07-17,Kredi Taksit,7085.4,USD,İhtiyaç kredisi taksit,Mobil,3627606B326B,Başarılı
TXN0000000349,HSP0000000079,2025-04-27,Fatura,1853.48,TRY,Doğalgaz faturası,ATM,30F70D428608,Başarılı
TXN0000000350,HSP0000000021,2025-07-30,Fatura,1456.74,TRY,Telefon faturası,Internet,E7180A97D5EB,Başarılı
TXN0000000351,HSP0000000075,2025-09-14,Virman,5828.57,GBP,Hesaplar arası transfer,Mobil,CD5B48E72633,Başarılı
TXN0000000352,HSP0000000042,2025-07-12,EFT,9450.76,TRY,Personel maaşı,Mobil,7B4098732DC5,Başarılı
TXN0000000353,HSP0000000010,2025-06-14,ATM Çekim,200,TRY,Günlük nakit ihtiyacı,Internet,65AAA27B7693,Başarılı
TXN0000000354,HSP0000000059,2025-07-09,EFT,15837.33,TRY,Vergi ödemesi,Internet,9E645F6A97D0,Başarılı
TXN0000000355,HSP0000000026,2025-08-22,Virman,3498.89,EUR,Tasarruf hesabına,Mobil,5959E5719EC2,Başarılı
TXN0000000356,HSP0000000059,2025-08-30,ATM Çekim,2000,TRY,Nakit çekim,ATM,4F862770B794,Başarılı
TXN0000000357,HSP0000000082,2026-01-09,Yatırım,85572.9,TRY,Hisse alım,POS,ED10EB5E89C4,Başarılı
TXN0000000358,HSP0000000053,2026-01-28,Fatura,973.3,TRY,İnternet faturası,Internet,D212316E517D,Başarısız
TXN0000000359,HSP0000000036,2025-08-05,Havale,8249.67,TRY,Alışveriş ödemesi,Internet,EF9BE9F85AAA,Başarılı
TXN0000000360,HSP0000000029,2026-01-19,Kredi Taksit,13575.53,TRY,İhtiyaç kredisi taksit,Internet,A895A34B4692,Başarılı
TXN0000000361,HSP0000000006,2025-04-18,Havale,10699.87,TRY,Hediye gönderimi,Internet,9C7DE965F67B,Başarılı
TXN0000000362,HSP0000000062,2025-12-10,Fatura,519.0,TRY,Telefon faturası,Şube,5FB63011A878,Başarılı
TXN0000000363,HSP0000000097,2025-06-07,Havale,9024.3,TRY,Aidat transferi,Şube,13BF5DD0CBF4,İptal
TXN0000000364,HSP0000000083,2025-06-22,Yatırım,70478.8,TRY,Hisse alım,Mobil,F4D021FA810C,Başarılı
TXN0000000365,HSP0000000059,2025-07-04,ATM Çekim,500,TRY,Günlük nakit ihtiyacı,Mobil,2541AB2ECA7E,Başarılı
TXN0000000366,HSP0000000060,2025-10-15,Maaş,73073.24,TRY,Prim ödemesi,Mobil,52B634C8267A,Başarılı
TXN0000000367,HSP0000000068,2026-02-08,Havale,13606.63,TRY,Aidat transferi,Internet,ABB5636D294C,Başarılı
TXN0000000368,HSP0000000088,2025-04-29,Havale,12916.94,TRY,Borç ödeme,POS,D0F0A56950C4,Başarılı
TXN0000000369,HSP0000000007,2025-10-05,Havale,9224.18,USD,Alışveriş ödemesi,Internet,C286A69A7D19,Başarılı
TXN0000000370,HSP0000000091,2025-09-19,Havale,6041.95,TRY,Kira ödemesi,Şube,F40719A06312,Başarılı
TXN0000000371,HSP0000000084,2026-03-26,ATM Çekim,200,USD,Günlük nakit ihtiyacı,POS,4C7B6E7DF0F1,Başarılı
TXN0000000372,HSP0000000098,2026-03-15,EFT,10630.94,TRY,Tedarikçi ödemesi,Internet,41337AB2BF9E,Başarılı
TXN0000000373,HSP0000000009,2025-06-02,ATM Çekim,1000,TRY,Günlük nakit ihtiyacı,Internet,85AD9A58DB66,Başarılı
TXN0000000374,HSP0000000069,2026-02-12,POS Harcama,2957.8,TRY,Elektronik alışveriş,Internet,75A3DBA70FF2,Başarılı
TXN0000000375,HSP0000000089,2025-11-21,Fatura,220.25,TRY,İnternet faturası,POS,7E5906D2FF9A,Başarılı
TXN0000000376,HSP0000000023,2025-08-20,Virman,2889.41,EUR,Vadeli hesaba aktarım,POS,89C68A6A3B88,Başarılı
TXN0000000377,HSP0000000064,2025-04-12,EFT,7399.92,EUR,Fatura ödemesi,Mobil,E98E553199B2,İptal
TXN0000000378,HSP0000000017,2025-04-11,ATM Çekim,500,TRY,Nakit çekim,Internet,F020FA46A24E,Başarılı
TXN0000000379,HSP0000000009,2025-12-23,Havale,16152.33,TRY,Hediye gönderimi,ATM,B10F23764F75,Başarılı
TXN0000000380,HSP0000000075,2026-01-29,Virman,16679.8,GBP,Tasarruf hesabına,Şube,92C3F4255E7B,Başarılı
TXN0000000381,HSP0000000059,2025-06-27,Virman,19752.77,TRY,Vadeli hesaba aktarım,Mobil,FD071367F7E4,Başarılı
TXN0000000382,HSP0000000062,2025-06-15,ATM Çekim,500,TRY,Hızlı para çekme,Mobil,768CCC7D1904,Başarılı
TXN0000000383,HSP0000000059,2025-12-31,Yatırım,28882.03,TRY,Fon alım,Şube,6D567D230462,Başarılı
TXN0000000384,HSP0000000091,2025-07-31,Maaş,22599.63,TRY,Prim ödemesi,Şube,E4498122325B,Başarılı
TXN0000000385,HSP0000000074,2026-01-13,Havale,17707.65,TRY,Borç ödeme,Mobil,BEA93A58A822,Başarılı
TXN0000000386,HSP0000000045,2025-12-30,Havale,7608.84,TRY,Kira ödemesi,Internet,E4433ACA6742,Başarısız
TXN0000000387,HSP0000000052,2025-09-11,Kredi Taksit,3184.75,TRY,Taşıt kredisi taksit,ATM,E9D472DF9777,İptal
TXN0000000388,HSP0000000070,2025-11-29,Yatırım,89649.76,TRY,Fon alım,Mobil,70DF1986B5C2,Başarılı
TXN0000000389,HSP0000000073,2025-05-28,Maaş,62556.63,EUR,Aylık maaş,POS,3980539B3B81,Başarılı
TXN0000000390,HSP0000000018,2026-02-11,POS Harcama,6730.2,TRY,Akaryakıt,Mobil,48FA8DDE39C1,Başarılı
TXN0000000391,HSP0000000046,2026-01-24,Havale,13208.2,TRY,Borç ödeme,Mobil,B4AD8408B7B4,Başarılı
TXN0000000392,HSP0000000026,2026-03-10,Havale,23944.83,EUR,Alışveriş ödemesi,Internet,D77C93FB0D4D,Başarılı
TXN0000000393,HSP0000000051,2025-04-29,EFT,22720.33,TRY,Vergi ödemesi,Mobil,13944C1816F3,Başarılı
TXN0000000394,HSP0000000051,2025-10-08,Havale,403.55,TRY,Borç ödeme,ATM,9B915D1E9FC6,Başarılı
TXN0000000395,HSP0000000045,2025-07-20,Virman,18223.55,TRY,Tasarruf hesabına,Internet,8880F4B944E6,Başarılı
TXN0000000396,HSP0000000095,2025-11-04,Yatırım,72996.25,TRY,Döviz alım,ATM,1F702872F08A,Başarılı
TXN0000000397,HSP0000000018,2025-09-03,Fatura,975.5,TRY,Telefon faturası,Internet,0407839FE812,Başarılı
TXN0000000398,HSP0000000043,2025-05-16,Havale,264.81,TRY,Borç ödeme,POS,281A9C3CBB85,Başarılı
TXN0000000399,HSP0000000054,2025-06-10,EFT,5061.51,TRY,Kira transferi,Internet,D6E8E5740446,Başarılı
TXN0000000400,HSP0000000038,2026-01-25,POS Harcama,2445.24,TRY,Giyim harcaması,Mobil,844DA0482B20,Başarılı
TXN0000000401,HSP0000000095,2025-08-13,ATM Çekim,500,TRY,Günlük nakit ihtiyacı,Mobil,B3CB9C20F5C0,Başarılı
TXN0000000402,HSP0000000082,2025-10-31,ATM Çekim,200,TRY,Hızlı para çekme,Şube,40605C95F815,Başarılı
TXN0000000403,HSP0000000089,2025-12-09,POS Harcama,7954.78,TRY,Market alışverişi,Mobil,FE972E9C529E,Başarılı
TXN0000000404,HSP0000000077,2025-08-11,Maaş,55819.74,TRY,Prim ödemesi,Internet,BFF1B85BA8DE,Başarılı
TXN0000000405,HSP0000000089,2025-04-09,Fatura,1698.3,TRY,Doğalgaz faturası,Internet,72E019E621DB,Başarılı
TXN0000000406,HSP0000000075,2025-06-09,Havale,8998.9,GBP,Kira ödemesi,Mobil,AC6AF46971DE,Başarılı
TXN0000000407,HSP0000000035,2025-04-25,Virman,7317.42,TRY,Hesaplar arası transfer,Şube,37BAAE1CE4E4,İptal
TXN0000000408,HSP0000000066,2026-02-01,EFT,18840.45,TRY,Fatura ödemesi,Şube,937C8BBA4FD5,Başarılı
TXN0000000409,HSP0000000042,2025-09-02,Fatura,579.34,TRY,Su faturası,ATM,CA8B41DCE642,Başarılı
TXN0000000410,HSP0000000013,2025-06-10,POS Harcama,4155.0,TRY,Online alışveriş,Internet,D7E2878C31E1,Başarılı
TXN0000000411,HSP0000000100,2025-05-23,ATM Çekim,200,TRY,Nakit çekim,Mobil,8CB8CD136341,Beklemede
TXN0000000412,HSP0000000065,2026-02-09,EFT,17272.36,TRY,Fatura ödemesi,Mobil,1363291D6AAC,Başarılı
TXN0000000413,HSP0000000069,2025-10-31,Maaş,44931.94,TRY,Aylık maaş,Şube,3349B07BFD12,Başarılı
TXN0000000414,HSP0000000015,2025-09-07,Fatura,1397.55,TRY,Doğalgaz faturası,POS,0D8656F94974,Başarılı
TXN0000000415,HSP0000000057,2025-09-23,Kredi Taksit,3410.9,TRY,İhtiyaç kredisi taksit,Internet,F290E7A0951C,Başarılı
TXN0000000416,HSP0000000004,2026-03-22,Maaş,24253.36,TRY,Aylık maaş,Mobil,BE0157B3A3CC,Başarılı
TXN0000000417,HSP0000000040,2026-03-20,Havale,19099.29,TRY,Kira ödemesi,Mobil,0020071D3EAD,Başarılı
TXN0000000418,HSP0000000010,2025-07-10,Havale,2784.65,TRY,Alışveriş ödemesi,Internet,855CAA5024BC,Başarılı
TXN0000000419,HSP0000000076,2025-05-04,Havale,7610.98,TRY,Kira ödemesi,Mobil,6247FA11951C,Başarılı
TXN0000000420,HSP0000000097,2026-01-26,Havale,22539.25,TRY,Aidat transferi,Mobil,DE12FB953D30,Başarılı
TXN0000000421,HSP0000000086,2025-08-21,Virman,23724.91,USD,Yatırım hesabına,Mobil,94B0A083E325,Başarılı
TXN0000000422,HSP0000000046,2025-08-02,EFT,12672.24,TRY,Tedarikçi ödemesi,Internet,A700E95FB9FC,Başarılı
TXN0000000423,HSP0000000013,2025-07-08,Fatura,1930.31,TRY,Doğalgaz faturası,ATM,6698DACC820A,Başarılı
TXN0000000424,HSP0000000097,2025-07-19,POS Harcama,7365.41,TRY,Elektronik alışveriş,Telefon,6208975EB7AB,Başarılı
TXN0000000425,HSP0000000061,2025-05-25,Virman,4603.13,EUR,Yatırım hesabına,Internet,5EDB495B965E,Başarılı
TXN0000000426,HSP0000000049,2025-09-08,ATM Çekim,100,TRY,Hızlı para çekme,Internet,3E778AC23052,Başarılı
TXN0000000427,HSP0000000015,2025-08-26,POS Harcama,4465.91,TRY,Market alışverişi,Internet,99E9E0F3B0EC,Başarılı
TXN0000000428,HSP0000000011,2026-02-02,Virman,18430.74,TRY,Tasarruf hesabına,Mobil,3D9FF76EF631,Başarılı
TXN0000000429,HSP0000000029,2025-07-06,POS Harcama,6857.05,TRY,Akaryakıt,Mobil,366844976856,Başarılı
TXN0000000430,HSP0000000087,2026-03-11,Virman,2718.78,TRY,Tasarruf hesabına,Mobil,2FC109E5E55B,Başarılı
TXN0000000431,HSP0000000067,2025-10-23,POS Harcama,5566.4,TRY,Market alışverişi,Mobil,D12466A0AF6C,Başarılı
TXN0000000432,HSP0000000095,2025-07-11,Kredi Taksit,5740.84,TRY,Taşıt kredisi taksit,Telefon,3068219282E6,Başarılı
TXN0000000433,HSP0000000052,2025-08-21,Havale,19143.94,TRY,Alışveriş ödemesi,ATM,10AC28CAE344,Başarılı
TXN0000000434,HSP0000000076,2025-10-22,Virman,8966.82,TRY,Tasarruf hesabına,ATM,663BC799BFF6,Başarılı
TXN0000000435,HSP0000000063,2025-06-02,POS Harcama,2020.51,TRY,Akaryakıt,Mobil,3D63A1B7ED51,Başarılı
TXN0000000436,HSP0000000030,2025-04-28,POS Harcama,6645.89,USD,Akaryakıt,Mobil,D90EF6E1C63B,Başarılı
TXN0000000437,HSP0000000087,2025-09-15,Havale,3903.14,TRY,Alışveriş ödemesi,Mobil,951E90A27DED,Başarılı
TXN0000000438,HSP0000000080,2025-12-09,Havale,19839.01,TRY,Aidat transferi,Mobil,E8D830837F57,Başarılı
TXN0000000439,HSP0000000038,2025-09-23,POS Harcama,6479.66,TRY,Giyim harcaması,Internet,0FB76D775CCE,Başarılı
TXN0000000440,HSP0000000070,2025-05-31,Havale,9652.38,TRY,Borç ödeme,ATM,F6FF2D6A276C,Başarısız
TXN0000000441,HSP0000000049,2026-03-04,ATM Çekim,500,TRY,Günlük nakit ihtiyacı,Mobil,CD3C6FBCD5BC,Başarılı
TXN0000000442,HSP0000000022,2025-12-06,ATM Çekim,100,TRY,Günlük nakit ihtiyacı,Mobil,CBE9B0C387DE,Başarılı
TXN0000000443,HSP0000000087,2025-11-27,ATM Çekim,1000,TRY,Günlük nakit ihtiyacı,Internet,8C1436182D80,Başarılı
TXN0000000444,HSP0000000021,2025-10-11,POS Harcama,4943.18,TRY,Online alışveriş,Internet,63BD3F916843,Başarılı
TXN0000000445,HSP0000000099,2025-04-24,Yatırım,13255.71,TRY,Altın alım,Mobil,217D623EDF39,Başarılı
TXN0000000446,HSP0000000045,2026-02-15,Fatura,715.45,TRY,Elektrik faturası,Internet,8C1A1F2C17EB,Başarılı
TXN0000000447,HSP0000000055,2026-03-05,Virman,6181.3,TRY,Vadeli hesaba aktarım,Internet,E87E646847DE,Başarılı
TXN0000000448,HSP0000000083,2025-09-04,Virman,2950.34,TRY,Vadeli hesaba aktarım,Mobil,AB03032FD5A3,Başarılı
TXN0000000449,HSP0000000003,2025-11-03,POS Harcama,4553.03,USD,Akaryakıt,Mobil,6619BC29BCD6,Başarılı
TXN0000000450,HSP0000000035,2025-09-10,Havale,9505.67,TRY,Hediye gönderimi,Internet,1C5A7CBB8511,Başarılı
TXN0000000451,HSP0000000042,2026-03-12,POS Harcama,1663.15,TRY,Akaryakıt,ATM,293D8A0AC43C,Başarılı
TXN0000000452,HSP0000000065,2025-09-01,Fatura,758.5,TRY,İnternet faturası,Şube,94FB37E1D810,Başarılı
TXN0000000453,HSP0000000026,2025-12-31,ATM Çekim,200,EUR,Hızlı para çekme,ATM,C7DB6645F39A,Başarılı
TXN0000000454,HSP0000000034,2025-07-25,Havale,15651.85,TRY,Kira ödemesi,Telefon,765B9D702B82,Başarılı
TXN0000000455,HSP0000000092,2025-05-05,Fatura,1154.54,TRY,Telefon faturası,Mobil,AA6FE8F6A297,Başarılı
TXN0000000456,HSP0000000061,2025-09-02,ATM Çekim,2000,EUR,Hızlı para çekme,Mobil,E372C69DDB0D,Başarılı
TXN0000000457,HSP0000000056,2025-08-07,POS Harcama,5007.21,TRY,Akaryakıt,Mobil,CF40E2B7AA02,Başarılı
TXN0000000458,HSP0000000086,2026-03-27,Maaş,48554.57,USD,Aylık maaş,Mobil,BBF9D896B6D3,Başarılı
TXN0000000459,HSP0000000074,2025-11-26,ATM Çekim,500,TRY,Günlük nakit ihtiyacı,Şube,4A8BC6DCA580,Başarılı
TXN0000000460,HSP0000000069,2026-01-15,Fatura,1466.9,TRY,Elektrik faturası,ATM,42E68438B60B,Beklemede
TXN0000000461,HSP0000000067,2026-03-17,EFT,19161.7,TRY,Kira transferi,Internet,C10E3BEF7DBD,Başarılı
TXN0000000462,HSP0000000053,2025-07-14,Virman,21164.58,TRY,Yatırım hesabına,ATM,CA54531A3E24,Başarılı
TXN0000000463,HSP0000000037,2025-10-25,POS Harcama,1923.1,TRY,Restoran harcaması,Mobil,FD06F76E47AE,Başarılı
TXN0000000464,HSP0000000025,2025-12-05,Havale,14039.64,TRY,Hediye gönderimi,ATM,5EAB9DF8A90B,Başarılı
TXN0000000465,HSP0000000055,2025-06-09,POS Harcama,252.55,TRY,Online alışveriş,Mobil,E164DB944E9F,Başarılı
TXN0000000466,HSP0000000085,2025-12-05,POS Harcama,6262.23,USD,Market alışverişi,Şube,B71DDA730397,Başarılı
TXN0000000467,HSP0000000011,2025-10-26,Virman,22429.65,TRY,Hesaplar arası transfer,Mobil,42B985EA3ABE,Başarılı
TXN0000000468,HSP0000000051,2025-05-28,Kredi Taksit,8993.63,TRY,Taşıt kredisi taksit,Şube,7572FD8A67C3,Başarılı
TXN0000000469,HSP0000000016,2025-12-25,POS Harcama,2029.43,TRY,Market alışverişi,ATM,43B372F9A25E,İptal
TXN0000000470,HSP0000000031,2026-01-25,POS Harcama,5903.15,TRY,Elektronik alışveriş,ATM,F796CBE32F65,Başarılı
TXN0000000471,HSP0000000096,2025-06-29,EFT,5431.31,TRY,Vergi ödemesi,Internet,D719EC1F301F,Başarılı
TXN0000000472,HSP0000000057,2025-12-30,ATM Çekim,500,TRY,Günlük nakit ihtiyacı,ATM,422FB0D4D50E,Başarılı
TXN0000000473,HSP0000000015,2025-08-21,Virman,21997.9,TRY,Vadeli hesaba aktarım,Internet,BC637DBBDAF0,Başarılı
TXN0000000474,HSP0000000047,2026-02-25,ATM Çekim,2000,TRY,Nakit çekim,Internet,18304222B1B5,Başarılı
TXN0000000475,HSP0000000095,2026-03-10,POS Harcama,1932.61,TRY,Giyim harcaması,POS,23332A208938,Başarılı
TXN0000000476,HSP0000000050,2026-03-17,Virman,3139.14,TRY,Vadeli hesaba aktarım,POS,BEB157730972,Başarılı
TXN0000000477,HSP0000000057,2025-08-09,ATM Çekim,500,TRY,Nakit çekim,POS,55A70209A5D1,Başarılı
TXN0000000478,HSP0000000097,2025-11-11,EFT,15820.68,TRY,Kira transferi,Mobil,7CEBBC42AE68,Başarılı
TXN0000000479,HSP0000000005,2025-12-08,Virman,11830.17,TRY,Tasarruf hesabına,Mobil,ACCC9C7C97E4,Başarılı
TXN0000000480,HSP0000000043,2025-06-22,Maaş,60401.34,TRY,İkramiye,POS,EA7BA9FAFFBB,Başarılı
TXN0000000481,HSP0000000009,2025-09-15,Virman,11386.22,TRY,Hesaplar arası transfer,Şube,5C38943C4AA6,Başarılı
TXN0000000482,HSP0000000098,2026-02-23,Havale,3488.7,TRY,Hediye gönderimi,Şube,45CF50CC5A4B,Başarılı
TXN0000000483,HSP0000000026,2025-06-20,POS Harcama,2011.84,EUR,Elektronik alışveriş,Mobil,08022A1C6409,Başarılı
TXN0000000484,HSP0000000099,2026-03-18,Fatura,850.12,TRY,Su faturası,ATM,5541C33D3588,Başarılı
TXN0000000485,HSP0000000058,2026-03-18,ATM Çekim,2000,TRY,Hızlı para çekme,Şube,AA1FF4389FB3,Başarılı
TXN0000000486,HSP0000000037,2025-10-11,EFT,23624.45,TRY,Fatura ödemesi,Internet,20C1191018D9,Başarılı
TXN0000000487,HSP0000000029,2026-02-08,Havale,15703.02,TRY,Kira ödemesi,Mobil,B0E15CBCFAB5,Başarılı
TXN0000000488,HSP0000000060,2025-10-23,EFT,15488.3,TRY,Fatura ödemesi,Şube,A76B3E615D78,Başarılı
TXN0000000489,HSP0000000034,2026-01-16,Havale,3022.03,TRY,Alışveriş ödemesi,POS,C90E1DC0D370,Başarılı
TXN0000000490,HSP0000000056,2025-12-10,Maaş,22703.3,TRY,İkramiye,POS,1CCF713438D5,Başarılı
TXN0000000491,HSP0000000027,2025-08-26,EFT,18686.43,TRY,Kira transferi,ATM,56FA602B5118,Başarılı
TXN0000000492,HSP0000000017,2025-08-23,ATM Çekim,5000,TRY,Günlük nakit ihtiyacı,Mobil,10B6970A7000,Başarılı
TXN0000000493,HSP0000000025,2025-08-27,ATM Çekim,500,TRY,Nakit çekim,Internet,5109061E9B3B,Başarılı
TXN0000000494,HSP0000000080,2026-02-26,ATM Çekim,1000,TRY,Nakit çekim,Mobil,FE2432E4256A,Başarılı
TXN0000000495,HSP0000000002,2025-10-21,ATM Çekim,5000,TRY,Nakit çekim,POS,C6ECA3F93AB1,Başarısız
TXN0000000496,HSP0000000092,2025-05-08,ATM Çekim,100,TRY,Günlük nakit ihtiyacı,Internet,BE02AB8F095B,Başarılı
TXN0000000497,HSP0000000008,2025-09-29,Havale,24918.81,TRY,Alışveriş ödemesi,POS,1252CD0956E5,Başarılı
TXN0000000498,HSP0000000091,2026-02-12,Maaş,39760.95,TRY,Prim ödemesi,Mobil,FE930B28CCC2,Başarılı
TXN0000000499,HSP0000000086,2026-01-23,ATM Çekim,200,USD,Hızlı para çekme,POS,927FC273C960,Başarılı
TXN0000000500,HSP0000000022,2025-06-07,POS Harcama,735.39,TRY,Elektronik alışveriş,POS,2E61E145AB21,Başarılı
